YEAR,MONTH,ITEM CODE,ITEM DESCRIPTION,ITEM TYPE,RETAIL SALES,RETAIL TRANSFERS,WAREHOUSE SALES
2018,1,331348,SECOLI RIPASSO DELIO VAL DOC - 750ML,WINE,0.28111111111111114,0.2222222222222222,0.1111111111111111
2017,6,44262,BUNRATTY POTCHEEN GLASS - 750ML,LIQUOR,0.14,0.0,0.0
2020,1,119229,DOM DES FONTANELLE S/BLC - 750ML,LIQUOR,0.18647887323943663,0.06929577464788732,2.7746478873239435
2019,1,148717,ROOT 1 CAB - 750ML,BEER,0.9488563137882731,0.824323594156494,3.5263127876726035
2019,1,311843,TENUTE RUBINO SUSUMANIELLO OLTREME 13 - 750ML,WINE,0.2735714285714286,0.0019047619047619048,0.0
2017,6,310012,ALMA BRAVA MER - 750ML,WINE,0.18571428571428572,0.0,0.0
2020,1,42921,BAKS ZUBROWKA BISON VODKA - 750ML,LIQUOR,2.464375,2.76,0.0625
2020,1,313119,CHOCALATO - 750ML,WINE,0.2779245283018868,0.1509433962264151,0.09433962264150944
2020,1,10271,ALLAGASH MOSELLE 6/4 16OZ CANS,BEER,2.1590229885057473,2.1408045977011496,16.27741379310345
2020,1,236876,AMERICAN BARRELS BOURBON  NV - 750ML,LIQUOR,0.37939393939393945,0.3333333333333333,0.7272727272727273
2019,1,70144,PAPAGAYO ORGANIC WHITE RUM - 750ML,LIQUOR,0.2938095238095238,0.18666666666666668,0.0
2020,1,166412,DAILYS ISLAND BREEZE - 10OZ,BEER,3.43099173553719,3.030826446280992,1.6418595041322313
2020,1,166661,FINEST CALL MANGO PUREE - 1L,NON-ALCOHOL,16.05125,16.027475961538464,2.608173076923077
2020,1,350842,ARAK LE BRUN - 750ML,BEER,0.44608208955223877,0.458955223880597,1.5705970149253732
2018,2,10857,TGI FRIDAYS LONG ISLAND ICED TEA - 1.75L,LIQUOR,0.24727272727272728,0.0,0.0
2020,1,20086,STELLA ARTOIS 4/6 NR - 11.2OZ,BEER,18.845041988003427,18.548589545844045,228.13553384747217
2018,1,232266,ARCHER ROOSE S/BLC BIB - 3L,WINE,0.0,0.0,0.875
2020,1,149691,CARLETTO SPARK PROSECCO - 750ML,WINE,2.1071647509578546,1.9704597701149424,4.215689655172414
2019,1,67032,INO DRY RED WINE - 750ML,WINE,0.2303448275862069,-0.0027586206896551726,0.0
2020,1,11458,ZONTES FOOTSTEP SCARLET LADYBIRD ROSE - 750ML,WINE,0.10039800995024875,0.09355721393034826,6.517927031509121
2020,1,96008,ASAHI DRY 12/21.4OZ NR - 21.4OZ,BEER,9.649464285714286,9.339285714285714,70.57446428571428
2020,1,236102,THE 1 PROPRIETARY RES LODI RED - 750ML,WINE,0.7918181818181819,1.8181818181818181,1.0
2020,1,10711,ATLAS BULLPEN PILSNER 4/6 CAN,BEER,2.5795220588235295,2.5900735294117645,15.085183823529412
2018,1,47226,THIRD WHEEL RED - 750ML,WINE,0.8077777777777777,0.4444444444444444,0.0
2020,1,348480,UMAI! SHOCHU  - 50ML,LIQUOR,1.6975757575757577,4.121212121212121,0.0
2019,1,233040,LAMAN TEMP - 750ML,WINE,0.04170212765957447,0.0425531914893617,3.2729787234042558
2020,1,10332,GREY GOOSE VODKA - CHERRY NOIR - 1L,LIQUOR,19.777384204275535,19.534480403800476,2.9688450118764846
2020,1,10123,DARON CALVADOS FIN - 750ML,BEER,0.9682622950819673,0.8989147540983606,2.1083879781420767
2020,1,12656,SCHLAFLY OCTOBERFEST 4/6 NR,BEER,0.03279773156899811,0.036862003780718335,3.351672967863894
2020,1,129186,NATURA CASABLANCA VYLY CHARD - 750ML,LIQUOR,7.448932633420822,7.144181977252844,4.872484689413823
2020,1,22816,MENABREA BIONDA PREM LAGER 4/6NR - 11.2OZ,BEER,0.4586428571428572,0.5326285714285713,4.6571428571428575
2020,1,10480,BROUILLY CH DES TOURS - 375ML,LIQUOR,2.109596314172883,1.9829179464677489,1.736186924089513
2017,6,313824,SHANE MA FILLE ROSE 15 - 750ML,WINE,0.0,0.0,3.0
2019,1,25100,BASAGNANI RIESLING - 750ML,WINE,0.29625,0.0,0.0
2020,1,353470,ANXO CIDRE BLANC 1/2 KEG,BEER,0.0,0.0,5.4075
2020,1,27651,DELIRIUM TREMENS 6/4 NR,BEER,0.1799465240641711,0.14951871657754012,5.031176470588235
2020,1,27756,SCHOFFERHOFER POMEGRANATE 4/6PK 11.2OZ NR,BEER,1.281153846153846,1.3205128205128205,14.943333333333332
2020,7,166717,BITTERMILK #6 OAXACAN OLD FASHIONED 8OZ,NON-ALCOHOL,3.042222222222222,1.5,0.0
2018,2,47610,BLACK ANKLE ROLLING HILLS RED BLEND - 750ML,WINE,0.08,1.0,0.0
2020,1,29191,BOLD ROCK SEASONAL WHITE CRANBERRY 4/6 NR,BEER,3.5887499999999997,3.4285714285714284,17.40375
2019,1,22863,DRIE FONTEINEN CUVEE ARMAND & GASTON 1.5L,BEER,0.0041025641025641026,0.0,1.8503846153846155
2018,1,300574,BOORDY ICON CHARD - 750ML,WINE,3.0052293577981652,2.464954128440367,1.5955963302752292
2018,1,357561,CH HAUT ROQUEFORT - 500ML,WINE,0.08,0.0,0.0
2020,1,1406,SAM ADAMS OCTOBERFEST 1/6K,BEER,24.786368128474365,24.77035824583076,118.34026559604695
2017,6,164992,WETZEL PINOT NOIR - 750ML,WINE,0.3045303867403315,0.10226519337016574,0.9829834254143646
2020,3,64757,BREWDOG ELVIS JUICE 4/6 CANS,BEER,0.0,0.0,5.111111111111111
2020,1,11619,BV CENTURY CELLARS CAB - 1.5L,WINE,1.7133184523809522,1.301235119047619,3.354032738095238
2020,7,10048,BROOKEVILLE PHILSNER 6/4 16OZ CANS,BEER,11.52076923076923,0.0,0.0
2020,1,1008,HERRADURA ULTRA ANEJO - 750ML,BEER,20.170309155766944,19.8992627824019,5.130245739199366
2020,1,10430,CARIB BEER 4/6 NR - 12OZ,BEER,6.004976988823143,5.95904667981591,27.275351742274818
2020,1,71770,BULLSHINE 7 ROOTS WHISKEY - 750ML,LIQUOR,0.9215810276679842,0.884703557312253,0.003952569169960474
2020,1,23108,CK MONDAVI CHARD - 1.5L,WINE,14.93635593220339,14.090169491525424,18.60440677966102
2020,1,310098,ROSA MALBEC ROSE 750ML,WINE,1.9609495548961424,1.9164688427299703,6.956765578635014
2017,6,11798,ROUTE 4 4/6 CAN - 12.OZ,BEER,0.0,0.0,1.0
2020,1,10272,WILD TURKEY LONGBRANCH - 750ML,LIQUOR,12.666439942112879,12.5879835986493,1.150385914134105
2020,1,232056,MARRAMIERO MONT RIS INFERI 10 - 750ML,WINE,0.020970149253731345,0.022388059701492536,0.9925373134328358
2019,1,311667,DIEMERSFONTEIN PINTGE - 750ML,WINE,0.21905511811023623,0.14173228346456693,1.236220472440945
2020,1,236770,TENTH WARD DIST CO SMOKED CORN WHISKEY - 750ML,LIQUOR,1.2049397590361446,1.9036144578313252,0.0
2018,2,232142,COLLEVENTO 921 MERLOT 750ML,WINE,0.0,0.0,3.769230769230769
2020,1,10375,GOSLINGS GINGER BEER-NA-4/6 CAN - 12OZ (SODA),LIQUOR,12.758253094910591,12.614484181568088,3.944869325997249
2020,1,10401,1794 FOUR GRAIN RYE WHISKEY - 750ML,LIQUOR,1.013701923076923,0.46072115384615386,0.004807692307692308
2017,9,89336,CHADDSFORD PROPRIETORS RED - 750ML,WINE,0.2733333333333334,0.0,0.0
2020,1,29980,PENNSYLVANIA DUTCH EGG NOG - 1.75L,LIQUOR,47.00875,60.995,0.0
2019,7,166664,GT'S CLASSIC GOLD KOMBUCHA SYNERGY NEW WORLD NOIR 12/16OZ,BEER,0.0,0.0,2.4444444444444446
2020,1,166338,HELLO KITTY SWEET PINK W/GIFT BOX - 375ML,WINE,0.03125,0.03125,1.28125
2017,7,309423,CH DIANA PROTEST RED - 750ML,WINE,0.144,0.0,0.4
2019,7,312604,DESTINOS RED - 750ML,WINE,0.3233333333333333,0.6666666666666666,0.0
2019,1,84830,KEEP IT SIMPLE SYRUP 12/CS - 350ML,NON-ALCOHOL,0.45769230769230773,0.10230769230769231,0.0
2020,1,81417,CONNETABLE DE TALBOT 2015 -750ML,WINE,1.8816816143497759,1.3997309417040358,0.02914798206278027
2020,1,68671,DENIZENS LIME SELTZER 4/6 CANS,BEER,23.894827586206898,28.68103448275862,0.0
2019,1,70178,BENROMACH TRADITIONAL SINGLE MALT - 750ML,LIQUOR,0.4936363636363636,0.0,0.0
2019,1,334204,BERG & HAUCKS BITTERS KIT - 100ML,NON-ALCOHOL,1.4655555555555557,1.576,0.24444444444444444
2020,1,26127,HEAVY SEAS TROPICANNON 4/6 12.OZ CAN,BEER,9.509701726844584,9.637095761381476,36.62919937205651
2020,1,26031,DOMINION OAK BARREL STOUT 4/6 NR - 12OZ,BEER,2.1716408668730653,2.1888544891640866,19.1609907120743
2020,1,354490,DOM LES TEMPS PERDUS CHAB - 750ML,WINE,0.21022346368715086,0.1946368715083799,1.100558659217877
2020,1,131393,ARIS GREEK LAGER 4/6NR - 11OZ,BEER,0.9873965936739659,0.9326196269261964,4.379124087591241
2020,1,10787,SIMI S/BLC - 750ML,LIQUOR,19.698502393776185,19.413794135248356,17.86348144823459
2020,1,337217,BOEN RUSSIAN RIVER P/NOIR - 750ML,WINE,2.6712903225806452,2.5423790322580646,3.254032258064516
2018,1,26877,CISCO GREY LADY 4/6NR - 12OZ,BEER,2.1275,2.125,18.78125
2020,1,11339,HOUSE OF BLUES RED BLEND - 750ML,LIQUOR,1.4826149425287358,1.125948275862069,0.5919540229885057
2020,7,69670,CROOK & MARKER SPIKED COCONUT VARIETY 3/8PK CANS,BEER,0.0,0.0,1.6666666666666667
2020,1,20090,NEGRA MODELO 2/12 NR - 12OZ,BEER,66.85483768804434,65.58413301662708,1307.8950989707046
2018,1,435473,D'AQUINO MOSCATO BLUE BOTTLE - 750ML,WINE,0.085,0.0,0.5
2020,1,234036,PALISSADE P/NOIR - 750ML,WINE,0.199,0.1,1.7
2020,1,26215,DC BRAU ROSE DU GOSE 6/4 CANS,BEER,11.894453608247424,11.892453608247424,44.12082474226804
2018,1,331306,LA COTERIE CDR - 750ML,WINE,0.08,0.5,0.0
2020,1,166279,GNARLY HEAD S/BLC - 750ML,WINE,25.91309327846365,26.625555555555554,16.058676268861454
2020,1,11811,EVOLUTION PINEHOPLE IPA - 1/6,BEER,3.969359331476323,4.122910863509749,22.35190807799443
2019,1,56440,DESCHUTES FRESH SQUEEZED IPA 12OZ NR,BEER,7.73943820224719,7.741573033707865,22.679775280898877
2020,1,119776,YELLOW TAIL MOSCATO - 1.5L,LIQUOR,17.016624767225327,17.085693668528865,16.628864059590317
2020,1,10634,KALIBER BREW NA 4/6 NR - 12OZ,BEER,19.327553191489365,19.150759308510636,22.68146675531915
2020,1,100293,GRAND D'ARE SHZ - 750ML,BEER,0.31460655345611094,0.29136570198517103,2.884336283185841
2020,1,42838,WRITERS TEARS COPPER POT IRISH WHISKEY - 750ML,LIQUOR,10.16453947368421,10.349736842105264,0.4473684210526316
2019,1,239622,SUPREME CORE MIDLANTICKY 6/4 CANS,BEER,0.0,0.0,7.418918918918919
2020,1,166478,PARIS VALLEY ROAD CAB - 750ML,LIQUOR,0.8196586879432625,0.8483466312056737,2.9349290780141843
2018,1,1406,DOGFISH HEAD MIDAS TOUCH 6/4 NR - 12OZ,BEER,15.725686813186812,15.965549450549451,70.93472527472528
2019,1,1406,DOGFISH HEAD MIDAS TOUCH 6/4 NR - 12OZ,BEER,16.165074626865675,16.437114427860696,64.40388059701493
2018,1,342445,BARREL HONEY RUM DFH -750ML,LIQUOR,3.9463333333333335,3.183333333333333,1.1333333333333333
2019,1,136387,DOMAINE LALANDE CHARD - 750ML,LIQUOR,0.6438571428571429,0.2857142857142857,0.6131428571428572
2020,1,14249,SMOKING LOON P/GRIG - 750ML,WINE,4.283652694610779,3.7336526946107784,5.788922155688622
2020,1,10407,WEIHENSTEPHANER ORIGINAL 4/6NR - 12OZ,BEER,0.3768888888888889,0.3659221272554606,3.0911604938271604
2020,1,73039,DRAGON VODKA - 750ML,LIQUOR,0.7613207547169811,0.12580188679245283,0.0
2017,10,67792,TORRES VINA SOL WHITE - 750ML,WINE,0.285,0.0,0.0
2020,1,13650,DUCKHORN TEN DEGREES  P/NOIR - 750ML,WINE,5.908709016393442,6.15764344262295,5.026475409836066
2019,1,10772,DUCLAW HELL ON WOOD 4/6 121.0Z NR,BEER,2.7653140096618354,2.829710144927536,8.932367149758454
2020,1,10864,SANDPIPER CHARDONNAY - 750ML,LIQUOR,3.388542713567839,3.1717420435510886,0.7346398659966499
2020,1,12210,BOULEVARD MANHATTAN SOCIAL CLUB 6/4 NR,BEER,1.2944594594594594,1.2387387387387387,8.521576576576576
2020,1,102,CORKSCREW,REF,10.898646616541352,9.958947368421052,0.0
2020,1,13455,BAREFOOT CEL CAB - 187ML,BEER,15.363399593195266,15.257194896449704,18.256636464497042
2020,1,309471,FOGO DE CHAO GOLD LABEL CACHACA - 1L,BEER,0.45680851063829786,0.3516666666666667,4.8149999999999995
2020,1,156736,JINRO 24 SOJU - 750ML,BEER,9.943702127659574,10.048,9.083489361702128
2020,1,104450,BESO DE RECHENNA CAVA - 750ML,LIQUOR,0.1997639344262295,0.18665245901639343,3.377249180327869
2020,1,312061,ELK RUN VIN DE JUS GLACE - 375ML,WINE,1.1670689655172413,0.9072844827586207,0.9080603448275861
2020,1,238204,CONFUCIUS WISDOM BAIJIU (FROSTED BOTTLE) - 750ML,LIQUOR,1.463090909090909,1.2074545454545453,0.0
2019,1,21920,TRIVENTO SEL RES MALBEC  - 750ML,WINE,24.33484949832776,24.756989966555185,32.30117056856187
2020,1,41919,NICKEL & NICKEL SUSCOL RANCH NAPA MERLOT 15 - 750ML,WINE,0.42925925925925923,0.48148148148148145,0.14814814814814814
2018,1,311178,ABARBANEL RIESLING - 750ML,WINE,0.02666666666666667,0.16666666666666666,0.6666666666666666
2020,1,23680,FERRARI CARANO SONOMA CHARD - 750ML,WINE,4.169915254237289,3.775508474576271,2.9237288135593222
2020,1,166606,1000 STORIES PROSPECTORS PROOF CAB - 750ML,WINE,17.258244084682442,17.13200498132005,23.400622665006228
2020,1,336731,TITO'S HANDMADE VODKA - 200ML,LIQUOR,302.33141843971634,306.39517730496453,49.77723404255319
2020,1,313773,FILIBUSTER DUAL CASK GIN - 750ML,LIQUOR,3.299,3.8888333333333334,0.26666666666666666
2019,10,353852,DRACULA SPARKLING ROSE - 750ML,WINE,0.0,0.0,6.0
2020,6,47502,FIORE PEACH FLORET - 750ML,WINE,0.08,0.0,0.5
2020,1,166439,APOLLONI EST P/NOIR - 750ML,KEGS,0.1219017094017094,0.11094017094017095,1.5869017094017093
2020,1,335164,MANGRIA WH PEACH PEAR WINE COCKTAIL - 750ML,WINE,0.13523809523809524,0.0,0.0
2020,1,22917,FLYING DOG FAMILY DRAMA IMPERIAL PILSNER 4/6 NR 12.0Z,BEER,21.928910149750415,21.631763727121466,106.73252079866889
2020,1,237188,FAR NIENTE DOLCE  - 375ML,WINE,0.5104301075268817,0.5483870967741935,0.551989247311828
2020,1,310314,SEBASTIANI SONOMA CAB - 750ML,WINE,9.133783783783784,8.517297297297297,4.45045045045045
2020,1,233666,FARM TO TABLE CHARD - 750ML,WINE,0.027674418604651165,0.0,1.3255813953488371
2020,1,16578,COPPOLA DIRECTORS CUT CAB - 750ML,WINE,9.171425260718424,9.400243337195828,4.865330243337196
2019,1,327628,BUCK 8YR BOURBON - 750ML,LIQUOR,1.3884615384615384,0.5257692307692308,0.0
2019,1,22213,ABSENTE LIQUEUR - GIFT BOX - 750ML,BEER,2.319074074074074,2.2222222222222223,6.591851851851851
2020,1,345311,BOLLA P/GRIG - 750ML,WINE,5.186333333333334,5.013875,5.849291666666667
2020,1,234942,EOLA HILLS P/NOIR 13 - 750ML,BEER,0.004365256124721603,0.0022271714922048997,1.899599109131403
2018,2,331454,COUP DE GRACE RED BLEND - 750ML,WINE,0.0,0.0,0.5
2020,1,233894,GLORIA FERRER BLANC DE NOIR - 750ML,WINE,12.818372093023255,12.265581395348837,10.65891472868217
2020,1,236742,R BARBIER MED WHITE - 750ML,WINE,10.918531645569619,10.265822784810126,7.9869367088607595
2019,1,336380,SINGANI LOS PARRALES - 750ML,LIQUOR,1.529,0.2,0.0
2020,1,10738,THE WINERY AT OLNEY CAB - 750ML,WINE,0.7363706563706564,0.76,0.10038610038610038
2020,1,82189,CH LAMOUROUX BORDEAUX ROSE - 750ML,WINE,3.4706329113924053,3.0858227848101265,0.3670886075949367
2018,1,2658,SARANAC TRAIL MIX 4/6 NR - 12OZ,BEER,6.420454545454546,5.7272727272727275,9.272727272727273
2017,7,327876,HILLSIDE VNYDS RIES - 750ML,WINE,0.08,0.0,0.0
2020,1,23805,SHINER RUBY REDBIRD  4/6NR - 12OZ,BEER,10.224,10.301428571428572,46.515257142857145
2017,6,86025,GATOR RONS DIVINE BL/MARY - 24OZ,NON-ALCOHOL,0.17,0.0,0.0
2020,1,307963,TELIANI VALLEY SAPERAVI - 750ML,WINE,0.3428888888888889,0.28888888888888886,1.0888888888888888
2020,1,40406,GARY FARRELL R/R CHARD - 750ML,WINE,0.9027450980392157,0.7223529411764706,0.49019607843137253
2020,9,13343,PRESS SELTZER VARIETY 2/12 CANS,BEER,0.0,0.0,25.0
2020,1,22647,HARAR BEER 4/6NR - 11.2OZ,BEER,2.030486725663717,1.962345132743363,9.684778761061947
2020,1,300928,GOOSE RIDGE G3 CHARDONNAY 750ML,WINE,0.07161290322580645,0.018838709677419355,4.161290322580645
2017,6,12728,GRAIL POINT PENITENT PALE ALE 1/6KEG,KEGS,0.0,0.0,1.5454545454545454
2018,1,81445,GRAND ENCLOS CH DE CERONS GRAVES WH - 750ML,WINE,0.6628571428571429,-0.005714285714285714,0.0
2018,1,11263,BULGARIANA CHARD - 750ML,BEER,0.2785117056856187,0.22687290969899662,3.950535117056856
2020,1,119241,BOVALE - 750ML,LIQUOR,0.646369993642721,0.585645263827082,6.1220216147488875
2020,1,235344,GROTH CAB - 750ML,WINE,0.7436842105263158,0.5789473684210527,0.07017543859649122
2020,1,9938,THERMAL REGISTER PAPER,STR_SUPPLIES,0.0,27.833333333333332,0.0
2020,1,233610,FALORNI CHN DOGG - 750ML,WINE,0.03666666666666667,0.016666666666666666,2.6166666666666667
2020,1,10120,ELIJAH CRAIG HOLIDAY VAP 750ML,LIQUOR,20.286222887060582,20.378212415856396,2.88226626776365
2017,9,84917,THANKSGIVING FARM MERIGTAGE  - 750ML,WINE,0.2885714285714286,-0.11857142857142856,0.0
2020,1,13080,DOS EQUIS LAGER 1/2K,BEER,43.9967946708464,42.99405956112852,650.3107053291536
2020,1,24733,BALLAST POINT ALOHA SCULPIN 4/6 CANS,BEER,5.0039917695473255,5.02880658436214,16.848600823045267
2020,1,171956,HONIG NAPA VALLEY S/BLC - 750ML,WINE,5.794772727272727,5.939545454545454,10.340909090909092
2020,1,351032,LUXARDO MARASCHINO CHERRIES,LIQUOR,3.376595744680851,3.921985815602837,0.16312056737588654
2020,1,62103,TERRA D'ALTER ALICANTE BOUSCHET 2015 750ML,WINE,0.0,0.0,1.9622641509433962
2020,1,10264,90+CELLARS LOT 179 CAL P/NOIR - 750ML,WINE,0.030803858520900323,0.022508038585209004,3.2540192926045015
2020,1,348984,LUZZOLINI CIRO ROSSO CLASSICO 750ML,WINE,0.0,0.0,4.262295081967213
2020,1,296942,COLLEVENTO 921 MERLOT 750ML,WINE,0.005352743561030235,0.008029115341545353,4.0331019036954086
2020,1,40482,CRYSTAL HEAD VODKA-3/CS - 1.75L,LIQUOR,9.1590625,9.66921875,0.3828125
2020,1,11457,BALTIKA #8 NR 20/CS - 16.9OZ,BEER,0.17071872227151733,0.1396835255841467,2.056509908311151
2020,1,101117,KSARA BDB - 750ML,BEER,0.09142148760330579,0.10813223140495869,1.994909090909091
2018,1,332962,FRENESI WILDBERRIES SPARK - 750ML,WINE,0.6541666666666667,0.0,0.0
2020,1,10979,J LOHR SOUTH RIDGE SYR - 750ML,WINE,13.563415178571429,13.583526785714286,8.395825892857143
2020,1,17515,LES TOURS CHARD - 750ML,WINE,7.259359504132232,6.778863636363636,2.2021074380165286
2020,1,10413,K JACKSON VINT RES RIES - 750ML,WINE,21.08467741935484,21.128035190615837,23.286554252199412
2020,1,10103,MCCLELLANDS LOWLAND SCOTCH - 750ML,LIQUOR,16.046060403804436,15.890100116802936,1.3253479058902053
2019,1,313326,NESPOLI ADESSO CAGNINI - 750ML,WINE,4.997142857142857,3.7691428571428567,5.057142857142857
2020,1,42026,JORDAN CHARD - 750ML,WINE,2.076714285714286,2.063142857142857,2.342857142857143
2020,1,131415,ROYAL BITCH CHARD - 750ML,WINE,0.7586961325966851,0.7152044198895028,3.92739226519337
2020,1,8001,BAGS - PAPER PINTS,STR_SUPPLIES,0.0,65.58558558558559,0.0
2020,1,166431,BABE ROSE 1/12PK 375ML CANS,BEER,1.924963924963925,2.038961038961039,12.770981240981243
2020,1,83950,KING EST P/GRIS - 750ML,WINE,12.296818181818182,12.343636363636364,8.015151515151516
2020,1,322768,R STRONG CHARLOTTE S/BLC - 750ML,WINE,13.152323651452281,13.055103734439834,3.5473858921161825
2020,1,154644,ST FRANCIS SONOMA CHARD - 750ML,LIQUOR,6.437208258527828,6.219775583482944,3.2384111310592463
2020,1,100641,NUNA ORG MALBEC - 750ML,BEER,1.6905859476276899,1.6404407570650765,4.0335960591133
2019,1,154202,DOS PASOS S/BLC - 750ML,WINE,0.0245,0.0,2.096
2020,1,22342,MAGIC HAT #9 1/2 KEG,BEER,10.25828025477707,10.264331210191083,42.23902335456476
2020,1,45284,LAZZARONI AMARETTO - 750ML,LIQUOR,2.540787401574803,2.573464566929134,0.6692913385826772
2020,1,100145,SCHLINK HAUS KABINETT - 750ML,BEER,0.16510679611650486,0.1493592233009709,2.7564826629681
2020,1,145837,GEKKEIKAN NIGORI SAKE - 720ML,LIQUOR,10.817043740573151,10.887782805429865,9.52553544494721
2018,1,312187,IRONSIDE RESERVE PINOT NOIR - 750ML,WINE,0.1409375,0.10625,2.8625
2020,1,312368,LANGE TWINS SANG ROSE - 750ML,WINE,0.10389344262295083,0.06418032786885246,8.269508196721311
2020,1,342239,EL DECRETO TEQUILA ANEJO - 750ML,LIQUOR,1.1214285714285714,0.364952380952381,0.0380952380952381
2020,1,10387,DANSK VIKING BLOOD MEAD - 750ML,BEER,0.6809586328296905,0.6827182044887781,7.196488924746956
2017,7,84995,LINNE CALODO SELF ESTEEM SLACKER '16 -750ML,WINE,0.0,0.0,3.3333333333333335
2020,1,77143,MARKHAM S/BLC - 750ML,WINE,3.167272727272727,3.2545454545454544,2.418181818181818
2020,3,42997,LOOK APPLE VODKA - 750ML,WINE,0.45,0.75,0.0
2020,1,104639,CHATEAU LA TUILERIE DU PUY BORDEAUX 750ML,WINE,4.048409266409266,4.049490347490347,5.291853281853282
2020,1,11029,LIONELLO STOCK ITALIAN SWEET VERMOUTH - 1.5L,LIQUOR,5.151836065573771,4.82172131147541,0.7730901639344262
2020,1,70633,LYON DISTILLING COMPANY DK RUM - 750ML,LIQUOR,1.8032,0.76,0.08
2020,1,40460,LA DIABLADA PICSO - 750ML,LIQUOR,10.084999999999999,9.478958333333333,9.395833333333334
2020,1,234186,ART OF EARTH ROSE ORGANIC 750ML,WINE,0.17966666666666667,0.21116666666666667,12.75
2020,1,239704,ESTRELLA GALICIA 4/6 NR - 12OZ,BEER,2.157101449275362,2.5,1.3327536231884058
2019,1,42729,PAPAGAYO SPICED RUM - 750ML,LIQUOR,0.10666666666666667,-0.16666666666666666,0.0
2020,1,12103,MIKES VARIETY 12 PK NR - 11.2OZ,BEER,25.62362530413625,27.559610705596107,160.07031630170314
2019,8,64039,CROOK & MARKER COCONUT PINEAPPLE 6/4 CANS,BEER,0.0,0.0,2.8
2020,1,340101,BACKSBERG KOS MER - 750ML,WINE,0.0,0.0,1.0476190476190477
2020,1,23004,HARPOON IPA 1/2K,BEER,5.455397489539749,5.514644351464435,23.950836820083683
2020,1,31828,JAGERMEISTER COLD BREW COFFEE - 750ML,LIQUOR,14.346012658227849,14.063670886075949,2.3354430379746836
2020,1,240641,GREGARIOUS GIN - 750ML,LIQUOR,1.9765384615384616,3.2851923076923075,0.0
2018,1,419435,MER SOLEIL L/H DESSERT - 375ML,WINE,0.19333333333333333,0.0,0.0
2017,7,333518,MERRYVALE CARNEROS P/NOIR - 750ML,WINE,0.528,0.0,0.0
2020,1,166288,FAR EASTERN SHORE WINERY DRAGONFLY BLUSH - 750ML,WINE,0.04750000000000001,0.0,0.6666666666666666
2020,1,309069,DAMIANA LIQUEUR - 750ML,LIQUOR,0.5536666666666666,0.7666666666666667,3.5
2020,1,11374,MATEUS DRY ROSE - 750ML,BEER,3.4961486486486484,3.738028255528256,4.391025798525798
2020,1,106968,VIETTI NEBB PERBACCO - 750ML,WINE,0.603929173693086,0.6020573355817875,2.587251264755481
2020,1,1546,FOSTER LAGER 1/2K,BEER,26.916751080914146,26.31988573193329,440.21887276096356
2020,1,166424,CLOUDY BAY P/NOIR - 750ML,LIQUOR,11.724192288921424,11.536129819424108,3.3957637872132747
2019,1,437654,HUSCH CH/BLC - 750ML,WINE,0.24428571428571427,0.0,0.0
2018,1,24865,BREWERS ALLEY KOLSCH 1/2K,BEER,0.6666666666666666,1.1333333333333333,2.7333333333333334
2020,1,101346,LES DAUPHINS CDR VILLAGES ORG - 750ML,LIQUOR,0.4608764478764479,0.438484555984556,2.3364333976833978
2020,1,17906,MONTEBELLO LONG ISLAND ICE TEA - 750ML,LIQUOR,17.759439999999998,17.77872,0.904
2020,1,63625,MT. DEFIANCE AMARETTO 375ML,BEER,1.5718055555555557,2.3170833333333336,0.1527777777777778
2020,1,19975,NARRAGANSETT LAGER 16.0Z 6PK CAN,BEER,0.3719512195121951,0.36585365853658536,36.71756097560976
2020,1,63638,NEGUS ADDIS TEFF AMBER ALE 4/6 NR,BEER,5.574090909090909,6.045454545454546,37.03409090909091
2020,1,20089,NB VOODOO RANGER JUICY HAZE IPA 4/6 CAN,BEER,18.673287401574804,18.331043307086613,66.63596456692913
2020,1,11320,WENTE VYDS RIVA RANCH CHARD - 750ML,WINE,13.655785440613027,13.098850574712644,4.513409961685824
2020,1,63980,COOPER'S HAWK ANN1VER5ARY 1.5L,WINE,0.0,0.0,11.63310763888889
2018,1,85064,MAN O WAR S/BLC - 750ML,WINE,0.16,0.0,0.0
2020,1,234332,BISTRA SLIVOVITZ PLUM BRANDY - 750ML,LIQUOR,3.6526724137931033,3.7160344827586207,2.1357758620689653
2020,1,233898,LOUKATOS MASTIC LIQ - 750ML,BEER,0.0471584699453552,0.06557377049180328,1.1366120218579234
2019,1,20389,INGLENOOK COPPOLA RUBICON 6/CS - 750ML,WINE,0.5033333333333334,0.0,0.4444444444444444
2019,1,323505,OJAI CHARD - 750ML,WINE,0.26782608695652177,-0.043478260869565216,0.0
2020,1,12885,PORT CITY GERMAN PILSNER 6/4 16OZ CANS,BEER,4.049567198177677,4.136674259681094,12.048405466970387
2020,1,51039,ANDONG SOJU - 375ML,LIQUOR,2.21875,2.1666666666666665,0.125
2020,1,306226,ROBERT HALL CAB - 750ML,WINE,3.1884444444444444,5.266666666666667,8.031555555555556
2020,1,73256,OC DISTILLING CO - ORANGE VODKA - 750ML,LIQUOR,0.36011764705882354,-0.0037647058823529413,0.0
2017,6,310042,CH MARIS LA TOUGE 13 - 750ML,WINE,0.058666666666666666,0.0,2.6666666666666665
2020,1,62706,BRILLA PROSECCO 750ML,WINE,0.10258620689655172,0.10344827586206896,5.482758620689655
2019,1,70786,ROCK CREEK WHITE WHISKEY - 750ML,LIQUOR,0.17,0.0,0.0
2018,1,307618,IF YOU SEE KAY RED - 750ML,WINE,11.661595744680852,12.01531914893617,9.275744680851064
2020,1,10675,ANGELINE RES MER - 750ML,LIQUOR,0.5296337802681609,0.515273163898339,2.864540724434661
2020,1,1899,ROGUE HAZELNUT BROWN NECTAR 4/6 CANS,BEER,4.5745,4.4,20.875
2019,1,48490,PIRCAS NEGRAS TORRONTES - 750ML,WINE,0.19111111111111112,0.0,0.0
2020,1,311127,DOM CROIX BELLE SYR - 750ML,WINE,0.21556792873051223,0.2123162583518931,1.6833630289532295
2020,1,2143,SCHLITZ HIGH GRAVITY CANS - 24OZ,BEER,14.829271916790491,14.757369985141157,169.64653789004456
2017,9,307166,SWEET BLISS PINK - 750ML,WINE,0.0,0.0,0.0
2020,1,351818,CAVIT MER - 1.5L,LIQUOR,23.55723163841808,23.016242937853107,28.842796610169493
2018,1,90298,QUILMES BEER 4/6 NR - 12OZ,BEER,0.3333333333333333,0.3333333333333333,12.0
2020,1,322348,TANGENT S/BLC - 750ML,WINE,0.41375,1.0,6.746666666666666
2020,9,13296,SILVER BRANCH SQUEEGEE MASTER 4/6 CANS,BEER,19.642222222222223,0.0,0.0
2020,1,149403,TANTEO TEQUILA - JALAPENO - 750ML,LIQUOR,4.502072829131652,5.230896358543418,0.7836134453781513
2020,1,128937,GREYSTONE CEL MERLOT - 750ML,LIQUOR,3.15128055878929,2.87384167636787,2.0650058207217694
2020,1,10276,MALIBU RUM - PASSION FRUIT - 750ML,LIQUOR,11.240785839330869,11.11670686636841,2.042845749854114
2020,1,311892,MICHAEL DAVID PETITE PETIT - 750ML,WINE,9.539,9.3,11.225333333333333
2020,1,13722,LUNA MOSCATO - 750ML,BEER,0.5284133611691023,0.6623173277661796,1.4111064718162838
2018,1,339918,POPCORN CHARD - 750ML,WINE,0.16384615384615384,0.15384615384615385,2.923076923076923
2020,1,310846,ISLAND TIDE SAUVIGNON BLANC - 750ML,WINE,0.15961038961038962,0.16675324675324676,3.7262337662337663
2020,1,315658,SCARPETTA TIMIDO SPUMANTE BRUT ROSE - 750ML,WINE,1.832394366197183,1.8873239436619718,2.880281690140845
2020,1,166449,WILDER MER - 750ML,WINE,0.10930232558139535,0.37209302325581395,2.883720930232558
2020,1,175,EMPTY 1/2 KEG (30.00),DUNNAGE,0.0,0.0,-3585.4666666666667
2017,6,96157,BOULEVARD HIBISCUS GOSE -1/6,KEGS,0.0,0.0,1.6666666666666667
2020,1,10324,BODEGAS BRECA GARN - 750ML,BEER,0.9770607843137256,0.9923372549019608,1.489564705882353
2020,1,347049,MEZZACORONA P/GRIG - 1.5L,WINE,8.060497237569061,7.983093922651934,6.312099447513813
2020,1,10529,JOSE CUERVO LIME MARGARITA MIX - 1L,LIQUOR,16.570855094726063,16.427035330261138,0.7618125960061444
2020,1,104302,LA CAPPUCCINA VERONA ROSSO - 750ML,BEER,0.12200986756686576,0.12603479615684238,3.3016800830953
2020,1,100024,BULGARIANA S/BLC - 750ML,BEER,0.2680414507772021,0.2816027633851468,4.00213816925734
2020,1,234970,TROPICAL MOSCATO CRANBERRY 750ML,WINE,2.2879604130808953,2.2576764199655766,2.7643631669535282
2020,1,309060,GALASSO CORNO GRANDE PERCORINO - 750ML,WINE,0.6170833333333333,1.07625,1.0416666666666667
2020,1,317929,DUCA DI SARAGNANO MORELLINO DI SCANSANO - 750ML,WINE,0.12513274336283187,0.0788938053097345,1.025796460176991
2017,8,77655,CLOUD NINE VODKA - 750ML,LIQUOR,1.3333333333333333,1.3333333333333333,0.0
2019,4,70533,CLOUD 9 VODKA - 750ML,LIQUOR,2.54,0.0,0.0
2020,7,238022,COLOMBAIA ROSSO TOSC VIGNA NUOVA (PURPLE LABEL) - 750ML,WINE,0.0,0.0,2.1153846153846154
2020,1,1001,LINDEMANS KRIEK NR - 25.4OZ,BEER,2.7664883087075025,2.572949361641084,2.3320441830440397
2020,1,166282,REMY MARTIN VSOP - 1.75L,LIQUOR,11.068728121353558,10.956802800466743,0.8924620770128355
2020,1,100009,PAULANER HEFEWEIZEN 4/6NR - 12OZ,BEER,1.221057870921648,1.1546091926649202,3.1668063824720174
2020,1,344324,CIVIC VODKA - 750ML,LIQUOR,0.9922727272727273,0.36363636363636365,0.2727272727272727
2020,1,11918,RIGHT PROPER LIL WIT 4/6 CANS,BEER,0.0,0.0,8.369047619047619
2019,1,51152,CH LE BOCAGE BORD SUPER RGE** - 750ML,WINE,5.082222222222223,4.666666666666667,0.2222222222222222
2018,2,197840,DOM DE GOURNIER GREN/NOIR - 750ML,WINE,0.2326923076923077,0.0,-0.038461538461538464
2018,1,312370,ROBERT OATLEY SIGNATURE SERIES MARGARET RIVER CAB - 750ML,WINE,0.3077777777777777,0.1111111111111111,5.444444444444445
2020,1,312370,ROBERT OATLEY SIGNATURE SERIES MARGARET RIVER CAB - 750ML,WINE,0.3385276073619632,0.3594478527607362,3.3962576687116566
2020,1,327864,EDUCATED GUESS NORTH COAST RED 750ML,WINE,3.489173553719008,3.547603305785124,3.635702479338843
2020,1,101664,HAGAFEN L/H S/BLC - 375ML,BEER,1.0226465661641542,0.9674347930126824,2.5794376645130415
2020,9,13261,DOGLIOTTO MOSCATO D'ASTI 750ML,WINE,0.0,0.0,4.0
2020,1,336753,RUSSIAN STANDARD VODKA - 750ML,LIQUOR,15.223194444444443,15.032499999999999,0.5416666666666666
2020,1,47112,CLYDES CALIF CAB - 750ML,WINE,0.8742857142857142,0.7745918367346939,20.03918367346939
2020,1,241284,GUILHEM RSE - 750ML,WINE,0.009611650485436893,0.006472491909385114,1.6822977346278318
2018,1,51632,SABLE RIDGE LODI SYR - 750ML,WINE,0.128,0.0,0.0
2020,1,10907,SAGAMORE SPIRIT RYE CASK STRENGTH - 750ML,LIQUOR,7.4665137614678905,9.220183486238533,0.8256880733944955
2020,1,10245,JEZEBEL P/NOIR - 750ML,WINE,0.14215189873417722,0.16009493670886077,12.963924050632913
2020,1,300649,STELLA ROSA BERRY - 750ML,WINE,9.384868421052632,10.107565789473684,7.9144736842105265
2020,1,399845,JOSEPH PERRIER BRUT NV - 750ML,WINE,0.2,0.0332,0.0
2020,1,100749,SANTA MARGHERITA P/GRIG ALTO - 375ML,WINE,9.314691943127963,8.969620853080569,7.269763033175356
2020,7,333430,TIERRA CRIANZA - 750ML,WINE,0.2072727272727273,0.0,1.0909090909090908
2020,1,102032,CHILA 'ORCHATA - 750ML,LIQUOR,16.028823127703163,15.703020714773503,3.850737536990667
2019,1,323033,RYDER ESTATE P/NOIR ROSE 750ML,WINE,0.0,0.125,1.875
2020,1,307924,FUNF MOSCATO - 750ML,WINE,10.499024390243902,10.041219512195122,7.078780487804878
2020,1,14818,SCHUG SONOMA COAST P/NOIR - 750ML,WINE,0.49890995260663507,0.35033175355450236,1.5213270142180095
2020,1,322154,TRULLO RIES - 750ML,WINE,0.22661290322580646,0.08064516129032258,0.9354838709677419
2020,1,166277,DON Q RUM - LIMON - 1L,LIQUOR,4.377777777777778,4.206388888888889,0.6611111111111111
2020,1,18104,BARENJAGER LIQUEUR - 750ML,LIQUOR,3.5214285714285714,6.027428571428572,0.6857142857142857
2020,1,10836,SIERRA NEVADA HOPPY ANNIVERSARY 4/6 NR,BEER,15.044603174603173,14.86701058201058,84.88179894179895
2019,2,306146,CH DE GAUDOU CAHOURS TRAD - 750ML,WINE,0.264054054054054,0.24324324324324326,1.3513513513513513
2020,1,96210,SINGHA BEER 4/6 NR - 12OZ,BEER,30.294166666666666,30.25,145.80416666666667
2020,1,60267,7 LOCKS BITCH MONKEY NELSON SOUR 4/6 CANS,BEER,6.793720930232558,4.02906976744186,0.046511627906976744
2020,1,34371,STONEHEDGE P/NOIR - 750ML,WINE,0.26083333333333336,0.5558333333333333,0.0
2020,1,23574,CALLIA ALTA MALBEC - 750ML,WINE,1.1407692307692308,1.3846153846153846,1.8076923076923077
2020,9,13281,MISFIT DRAGONFRUIT RASPBERRY SHIRAZ 750ML,WINE,3.3519999999999994,0.0,0.0
2020,1,305995,SOKOL BLOSSER EVOLUTION WHITE BLEND - 750ML,WINE,1.564423076923077,1.0576923076923077,0.36538461538461536
2020,1,10545,PATRON XO CAFE - 750ML,BEER,2.7129163822525597,2.7038882252559726,3.5373984641638225
2018,1,11373,MARASKA CHERRY WINE - 750ML,LIQUOR,0.1991666666666667,0.125,0.08333333333333333
2020,1,238910,LUC BELAIRE RARE ROSE - 750ML,LIQUOR,9.116666666666667,10.11111111111111,1.5366666666666666
2019,3,308852,ALEM TOURIGA NACIONAL SYR - 750ML,WINE,0.22916666666666666,0.0,0.0
2020,1,26592,MAHOU ESTRELLA 4/6NR - 11.2OZ,BEER,0.27040816326530615,0.30612244897959184,10.73469387755102
2020,1,344470,SLAUGHTER HOUSE AMERICAN WHISKEY - 750ML,LIQUOR,0.8018518518518518,0.5185185185185185,0.0
2020,3,336724,ST GEORGES TERRIOR GIN  - 750ML,LIQUOR,3.515833333333333,2.6666666666666665,0.0
2020,1,24911,BITBURGER 4/6 11.2 OZ NR,BEER,13.926581196581198,13.948376068376069,42.02384615384615
2020,1,427081,WALMAE MAKKOLI - 1L,WINE,4.319999999999999,4.291666666666667,37.666666666666664
2020,1,21903,ST SUPERY NAPA S/BLC - 750ML,WINE,5.480625,5.65375,3.28125
2019,1,12024,STARR HILL GRATEFUL 4/6 NR - 12OZ,BEER,3.236741573033708,3.292134831460674,25.547752808988765
2020,1,101974,ANTINORI VILLA TOSCANO BIANCO - 750ML,WINE,15.261613155833984,15.118418167580268,12.775231010180109
2020,1,29615,INTIPALKA CAB/SYR - 750ML,BEER,1.6854786150712833,1.795193482688391,0.6880448065173116
2020,1,338427,BROUSKO RED - 750ML,WINE,1.152608695652174,1.0608695652173914,0.12173913043478261
2020,1,13374,ACHAVAL FERRER CAB/ FRC  - 750ML,LIQUOR,10.31026717557252,10.072041984732824,1.0143129770992367
2019,1,70363,SUBARASHI KUDAMONO ASIAN PEAR VIE - 375ML,LIQUOR,0.2666666666666667,0.08714285714285715,0.0
2020,1,43583,SUGARLOAF VYDS CAB/FRANC - 750ML,WINE,0.700672268907563,0.20100840336134454,0.10084033613445378
2020,1,82806,SUGARLOAF MT VYDS P/GRIG - 750ML,WINE,0.4690909090909091,0.0,0.0
2020,1,166240,B&G RESERVE MERLOT - 1.5L,WINE,5.33804207119741,5.30210355987055,4.458883495145631
2020,1,12142,MENAGE A TROIS LAVISH MERLOT - 750ML,LIQUOR,12.9940721404841,12.89920740389179,30.06062173706692
2020,1,31167,SWEETWATER IPA NR,BEER,8.496166666666666,8.333333333333334,32.104166666666664
2020,1,235702,VINO FRIZZANTE PROSECCO 20L KEG,KEGS,0.0,0.0,2.973977695167286
2020,1,166692,MAS OLIVIER EXPRESSION BLANC - 750ML,WINE,0.0,0.0,1.8160919540229885
2020,1,238230,LA CA NOVA BARBARESCO MONTEFICO VIGNA BRIC MENTINA - 750ML,WINE,0.04365853658536586,0.024390243902439025,1.024390243902439
2020,1,27815,TERRAPIN IPA SURVIVAL KIT - 2/12 CANS,BEER,4.982053571428572,4.870535714285714,14.770089285714286
2020,1,166609,RUTINI TRUMPETER ROSE - 750ML,WINE,0.20403846153846153,0.09216346153846154,1.2231490384615384
2020,1,22249,BROOKLYN LAGER 4/6 NR - 12OZ,BEER,4.454224806201551,4.4563953488372094,14.635503875968993
2020,1,101486,BRECKENRIDGE BOURBON - 750ML,BEER,0.5698659668197581,0.5507442122035805,3.9199709438560313
2019,8,26717,PUB DOG MONSTER MASH PUNPKIN 4/6NR - 12OZ,BEER,0.04,0.0,0.0
2020,1,15970,NAKED GROUSE - 750ML,LIQUOR,8.097100840336134,8.15953781512605,0.2350700280112045
2020,1,166646,HESS SELECT TREO - 750ML,WINE,3.7948852459016393,3.7161311475409837,3.6844262295081966
2020,1,242030,TISHBI CAB/SYR - 750ML,WINE,0.04235955056179775,0.011235955056179775,1.4035955056179776
2020,1,309214,SANDY BOTTOM RUM COCKTAIL 200ML,LIQUOR,2.94375,3.875,0.0
2020,1,237392,REMHOOGTE EST BUSHVINE PINTGE - 750ML,WINE,0.11554913294797689,0.10404624277456648,2.907514450867052
2020,1,311293,TERRA VIVA P/GRIG IGT DELLE VENEZIA - 750ML,WINE,0.35509186351706035,0.29312335958005253,4.068293963254593
2019,1,346190,PLAINAS VINHO VERDE WHITE LOUREIRO -750,WINE,0.4864356435643565,0.6336633663366337,1.5396039603960396
2020,1,10439,FISH EYE P/NOIR - 3L,WINE,15.920247708694575,15.817446123358929,17.8824795640327
2020,1,241302,JUST S/BLANC - 187ML,WINE,0.02147727272727273,0.011363636363636364,6.068181818181818
2018,1,312574,LONE BIRCH P/GRIS 14 - 750ML,WINE,0.15155555555555555,0.022222222222222223,0.4666666666666667
2020,1,346814,3 STARS GHOST WHITE IPA 12.0Z 6PK CAN,BEER,1.6089572192513368,1.5474598930481283,17.308021390374332
2020,1,11622,VAMPIRE CHARD - 750ML,WINE,0.5224731182795699,0.2689247311827957,1.0304301075268818
2020,9,242196,TOBACCO BARN DISTILLERY - STRAIGHT BOURBON - 750ML,LIQUOR,5.76,0.0,0.0
2020,1,10768,BARON LADRON DE GUEVARA RES - 750ML,BEER,0.027685810810810813,0.017179054054054056,3.646587837837838
2020,1,312716,LIBERTY SCHOOL CAB - 750ML,WINE,1.2636363636363637,0.7392207792207792,2.5714285714285716
2020,1,10740,MATUA VALLEY S/BLC - 750ML,WINE,8.997365,8.716297500000001,8.05855
2020,1,13773,TREFETHEN ESTATE CHARD - 750ML,WINE,2.1088535031847133,1.988471337579618,0.45222929936305734
2020,1,136891,SWEET LAB - 750ML,WINE,2.093828828828829,2.0325868725868723,5.7707464607464605
2020,1,145017,SAVESE TERROSSA PRIMA - 750ML,WINE,0.4971074380165289,0.3760881542699725,1.3507713498622589
2020,1,10356,TROEGS PASSIONFRUIT GAUVA TART 4/6 CANS,BEER,4.722461059190032,4.514018691588785,15.748442367601246
2020,3,69420,TRUE RESPITE HAZY DOUBLE IPA SERIES 6/4 16OZ CANS,BEER,17.42421052631579,4.105263157894737,0.0
2019,1,96636,MOOSEHEAD BEER 4/6 NR - 12OZ,BEER,16.424,15.6,74.375
2020,1,11840,CANTI PROSECCO - 750ML,LIQUOR,5.0590789473684215,4.757774122807017,1.9160197368421052
2017,7,118419,IRURTIA DANTES RED CARMELO - 750ML,WINE,0.17,0.0,0.0
2019,1,312321,ONABAY GREAT BLUE HERON - 750ML,WINE,0.10833333333333334,-0.013333333333333334,0.0
2019,1,309746,PETRA ZINGARI - 750ML,WINE,0.37117647058823533,0.35294117647058826,1.0
2020,1,26156,WOODCHUCK GRANNY SMITH CIDER 4/6NR - 355ML,BEER,3.6173563218390803,3.5517241379310347,33.729885057471265
2020,1,10431,VICTORY PRIMA PILS 4/6NR - 12OZ,BEER,3.9217551020408163,3.6653061224489796,26.447795918367348
2020,1,143294,ALTAS CUMBRES CAB - 750ML,LIQUOR,0.5295712630359212,0.48407879490150635,2.2080996523754344
2020,1,41335,HARVEYS BRISTOL CREAM SHERRY - 1.5L,LIQUOR,6.076470588235294,6.6348529411764705,1.2647058823529411
2020,1,323014,SAN GIUSTO CHIANTI CLASSICO - 750ML,WINE,0.03791666666666667,0.0,0.9166666666666666
2020,1,312990,HIGHER GROUND P/NOIR - 750ML,WINE,0.2835294117647059,0.23529411764705882,4.784313725490196
2019,10,318811,ALBERMARLE CIDERWORKS GOLD RUSH - 750ML,WINE,0.04,-0.125,0.25
2020,1,108790,BR COHN SILVER LABEL CAB - 750ML,WINE,2.2089293849658316,1.7699544419134396,1.644646924829157
2019,1,306736,SARDA CAVA BRUT - 750ML,WINE,0.23890243902439023,0.02646341463414634,1.6219512195121952
2020,1,319727,SIP ROSE - 750ML,WINE,0.1747272727272727,0.07727272727272727,1.4
2020,1,34932,NOVAL OLD CORONATION RUBY PORT - 750ML,WINE,1.5473529411764706,1.2647058823529411,0.08823529411764706
2017,6,392316,GUERROUANE ROSE - 750ML,WINE,0.08,0.0,0.0
2020,1,296888,CAYMUS NAPA CAB - LITER,WINE,2.879060402684564,2.626979865771812,3.663892617449664
2020,1,56442,WARSTEINER DUNKEL 4/6 NR - 12OZ,BEER,10.712432432432431,10.405405405405405,33.88288288288288
2020,1,10394,BELGIAN SAMPLER 4/6NR - 11.2OZ,BEER,0.1068273542600897,0.08164798206278026,1.5317600896860986
2017,6,402540,KLIPFEL REIS - 750ML,WINE,0.245,0.0,0.0
2020,1,313642,EL BURRO KICKASS GARNACHA - 750ML,WINE,5.824765100671141,5.71758389261745,7.656644295302013
2020,1,70143,TWENTY GRAND PLATINUM - 750ML,LIQUOR,3.63353125,3.1628125000000002,0.04375
2018,1,346130,DELIRIUM TREMENS - 1/2K,KEGS,0.0,0.0,2.2857142857142856
2017,7,70093,PINNACLE BERRY VODKA - 750ML,LIQUOR,0.13333333333333333,0.0,0.0
2020,1,328179,LUNA NUDA ROSE 750ML,WINE,7.5964912280701755,7.834736842105263,21.908070175438596
2020,1,11380,GLENFIDDICH 21YR OLD RES 3/CS - 750ML,LIQUOR,16.754810996563574,16.609541809851088,1.1973081328751431
2020,1,334261,LOS NOQUES CAB/FR - 750ML,WINE,0.35285714285714287,0.11907563025210084,0.29411764705882354
2020,1,337133,VADIAPERTI GRECO DI TUFO - 750ML,WINE,0.0096,0.0,3.04
2019,1,16357,SCHRAMSBERG BL/NOIR - 750ML,LIQUOR,4.189514563106796,3.6770873786407767,0.1941747572815534
2020,1,300202,2 COPAS CAB - 750ML,WINE,0.7732432432432433,0.7176216216216216,2.6855945945945945
2019,2,306455,ALLEGRINI GRAPPA DE AMARONE - 750ML,LIQUOR,0.15,-0.135,0.1875
2020,7,322348,TANGENT S/BLC - 750ML,WINE,0.03428571428571429,0.14285714285714285,5.428571428571429
2020,9,356900,LIFE'S A PEACH 6/4 CANS,BEER,0.0,0.0,7.5
2020,1,10345,BOK BUN JA - 375ML,BEER,1.7335754475703324,1.6934987212276216,3.627084398976982
2020,1,23733,YUENGLING LAGER 1/4K,BEER,50.16928104575164,48.8063834422658,292.26113289760343
2020,1,332104,ALAIN GEOFFREY CHAB - 750ML,WINE,0.44090909090909086,0.4147727272727273,0.6818181818181818
2020,1,300614,ZURENA LOVE ELIXIR CRAFT COCKTAIL MIXER - 750ML,NON-ALCOHOL,1.36,0.9856521739130436,0.0
2020,1,107,WINE CREDIT,DUNNAGE,45.36573170731707,3.895853658536585,-125.89024390243902
